-----初始化数据-----

--流程项目表
INSERT INTO `process_item` VALUES (1, '请假', 598, 1, 'desc','group1/M00/00/16/wKgggmBkR1WALIK8AAAFWMXfzI0416.png', 0, 0, 0, 1, 1, '100001', 'admin', now(), 'admin', now());
INSERT INTO `process_item` VALUES (2, '外出', 598, 2, 'desc', 'group1/M00/00/0C/wKgggmBSBOyAJDw7AAAEaOH3rLU000.png', 0, 0, 0, 1, 1, '100002', 'admin', now(), 'admin', now());
INSERT INTO `process_item` VALUES (3, '出差', 598, 3, 'desc', 'group1/M00/00/0C/wKggg2BSBP6AUJUIAAAEb0Yfamw346.png', 0, 0, 0, 1, 1, '100003', 'admin', now(), 'admin', now());
INSERT INTO `process_item` VALUES (4, '补卡', 598, 4, 'desc', 'group1/M00/00/0C/wKggg2BSBQqAZGOkAAAFatDdm9w632.png', 0, 0, 0, 1, 1, '100004', 'admin', now(), 'admin', now());
INSERT INTO `process_item` VALUES (5, '转正', 602, 5, 'desc', 'group1/M00/00/0C/wKggg2BSBSCAdCXyAAAFGBM6qV0151.png', 0, 0, 0, 1, 1, '110001', 'admin', now(), 'admin', now());
INSERT INTO `process_item` VALUES (6, '调动', 602, 6, 'desc', 'group2/M00/00/03/wKgghWBSBUOAJFWfAAAFLQPBEUE469.png', 0, 1, 1, 1, 1, '110002', 'admin', now(), 'admin', now());
INSERT INTO `process_item` VALUES (7, '离职', 602, 7, 'desc', 'group1/M00/00/0C/wKgggmBSBVCAKXQhAAAFZO5VckE645.png', 0, 0, 0, 1, 1, '110003', 'admin', now(), 'admin', now());
INSERT INTO `process_item` VALUES (8, '招聘', 602, 8, 'desc','AFSVHAAAEWGO2u58460.png', 0, 0, 0, 1, 1, '110004', 'admin', now(), 'admin', now());
INSERT INTO `process_item` VALUES (9, '转介绍提成', 603, 9, 'desc', NULL, 0, 0, 1, 1, 1, '120007', 'admin', now(), 'admin', now());
INSERT INTO `process_item` VALUES (10, '车位申请', 604, 10, 'desc', 'group1/M00/00/0C/wKgggmBSBh2AP3jkAAAFCN9rVug364.png', 0, 0, 0, 1, 1, '130001', 'admin', now(), 'admin', now());
INSERT INTO `process_item` VALUES (11, '开票', 603, 11, 'desc', 'group3/M00/00/07/wKggh2BSBaiATDZdAAAEXN4BS1w228.png', 0, 0, 0, 1, 1, '120002', 'admin', now(), 'admin', now());
INSERT INTO `process_item` VALUES (12, '报销', 603, 12, 'desc', 'group1/M00/00/0C/wKggg2BSBbKAagzkAAAFu7kUua4054.png', 0, 0, 0, 1, 1, '120001', 'admin', now(), 'admin', now());
INSERT INTO `process_item` VALUES (13, '借款', 603, 13, 'desc','group1/M00/00/0C/wKggg2BSBcOAZwK_AAAFj9doPTo470.png', 0, 0, 0, 1, 1, '120003', 'admin', now(), 'admin', now());
INSERT INTO `process_item` VALUES (14, '合同审批', 603, 14, 'desc', 'group1/M00/00/0C/wKgggmBSBdWAXCuLAAAFtwuxT-E827.png', 0, 0, 0, 1, 1, '120004', 'admin', now(), 'admin', now());
INSERT INTO `process_item` VALUES (15, '项目经费', 603, 15, 'desc', NULL, 0, 1, 0, 1, 1, '120005', 'admin', now(), 'admin', now());
INSERT INTO `process_item` VALUES (16, '付款', 603, 16, 'desc', 'group1/M00/00/0C/wKgggmBSBhOAU6A1AAADb1CTxiM303.png', 0, 0, 0, 1, 1, '120006', 'admin', now(), 'admin', now());
INSERT INTO `process_item` VALUES (17, '扣款', 605, 17, 'desc', 'group1/M00/00/0C/wKggg2BSBlmAXK6eAAAEwG4ETyM323.png', 0, 0, 0, 1, 1, '130006', 'admin', now(), 'admin', now());
INSERT INTO `process_item` VALUES (18, '物品领用', 604, 18, 'desc','group1/M00/00/16/wKgggmBkG-yAIThEAAAD42Pa9oc023.png', 0, 0, 0, 1, 1, '130002', 'admin', now(), 'admin', now());
INSERT INTO `process_item` VALUES (19, '加班兑换', 604, 19, 'desc', 'group1/M00/00/16/wKgggmBkJbqAMaASAAAJWxhyDDw469.png', 0, 0, 1, 1, 1, '130007', 'admin', now(), 'admin', now());
INSERT INTO `process_item` VALUES (20, '停止', 605, 20, 'desc', 'group1/M00/00/16/wKgggmBkJcKAT1hQAAAF3xKPyl8583.png', 0, 0, 1, 1, 1, '130008', 'admin', now(), 'admin', now());
INSERT INTO `process_item` VALUES (21, '取消请假', 598, 21, 'desc', 'group1/M00/00/16/wKgggmBkJZCAUv8GAAAHlGGLmTo898.png', 0, 0, 1, 1, 1, '100005', 'admin', now(), 'admin', now());
INSERT INTO `process_item` VALUES (22, '旷工申诉', 598, 22, 'desc', 'group3/M00/00/08/wKggh2BkJZ6AeF0NAAAH-Xtz1Uk338.png', 0, 0, 1, 1, 1, '150001', 'admin', now(), 'admin', now());
INSERT INTO `process_item` VALUES (23, '加班', 598, 23, 'desc', 'group1/M00/00/16/wKgggmBkJaeANo6EAAAFkQzOmuc744.png', 0, 0, 0, 1, 1, '100006', 'admin', now(), 'admin', now());
--流程项目发起群组表
INSERT INTO `process_item_group` VALUES (1, 1, NULL, NULL, NULL, NULL, 5, 0, 0, 'admin', now(), 'admin', now());
INSERT INTO `process_item_group` VALUES (2, 2, NULL, NULL, NULL, NULL, 5, 0, 0, 'admin', now(), 'admin', now());
INSERT INTO `process_item_group` VALUES (3, 3, NULL, NULL, NULL, NULL, 5, 0, 0, 'admin', now(), 'admin', now());
INSERT INTO `process_item_group` VALUES (4, 4, NULL, NULL, NULL, NULL, 5, 0, 0, 'admin', now(), 'admin', now());
INSERT INTO `process_item_group` VALUES (5, 5, NULL, NULL, NULL, NULL, 5, 0, 0, 'admin', now(), 'admin', now());
INSERT INTO `process_item_group` VALUES (6, 6, NULL, NULL, NULL, NULL, 5, 0, 0, 'admin', now(), 'admin', now());
INSERT INTO `process_item_group` VALUES (7, 7, NULL, NULL, NULL, NULL, 5, 0, 0, 'admin', now(), 'admin', now());
INSERT INTO `process_item_group` VALUES (8, 8, NULL, NULL, NULL, NULL, 5, 0, 0, 'admin', now(), 'admin', now());
INSERT INTO `process_item_group` VALUES (9, 9, NULL, NULL, NULL, NULL, 5, 0, 0, 'admin', now(), 'admin', now());
INSERT INTO `process_item_group` VALUES (10, 10, NULL, NULL, NULL, NULL, 5, 0, 0, 'admin', now(), 'admin', now());
INSERT INTO `process_item_group` VALUES (11, 11, NULL, NULL, NULL, NULL, 5, 0, 0, 'admin', now(), 'admin', now());
INSERT INTO `process_item_group` VALUES (12, 12, NULL, NULL, NULL, NULL, 5, 0, 0, 'admin', now(), 'admin', now());
INSERT INTO `process_item_group` VALUES (13, 13, NULL, NULL, NULL, NULL, 5, 0, 0, 'admin', now(), 'admin', now());
INSERT INTO `process_item_group` VALUES (14, 14, NULL, NULL, NULL, NULL, 5, 0, 0, 'admin', now(), 'admin', now());
INSERT INTO `process_item_group` VALUES (15, 15, NULL, NULL, NULL, NULL, 5, 0, 0, 'admin', now(), 'admin', now());
INSERT INTO `process_item_group` VALUES (16, 16, NULL, NULL, NULL, NULL, 5, 0, 0, 'admin', now(), 'admin', now());
INSERT INTO `process_item_group` VALUES (17, 17, NULL, NULL, NULL, NULL, 5, 0, 0, 'admin', now(), 'admin',now());
INSERT INTO `process_item_group` VALUES (18, 18, NULL, NULL, NULL, NULL, 5, 0, 0, 'admin',now(), 'admin', now());
INSERT INTO `process_item_group` VALUES (19, 19, NULL, NULL, NULL, NULL, 5, 0, 0, 'admin', now(), 'admin', now());
INSERT INTO `process_item_group` VALUES (20, 20, NULL, NULL, NULL, NULL, 5, 0, 0, 'admin', now(), 'admin', now());
INSERT INTO `process_item_group` VALUES (21, 21, NULL, NULL, NULL, NULL, 5, 0, 0, 'admin', now(), 'admin', now());
INSERT INTO `process_item_group` VALUES (22, 22, NULL, NULL, NULL, NULL, 5, 0, 0, 'admin', now(), 'admin', now());
INSERT INTO `process_item_group` VALUES (23, 23, NULL, NULL, NULL, NULL, 5, 0, 0, 'admin', now(), 'admin', now());
--字典表
INSERT INTO `sys_dict_data` VALUES (1, 0, 'trial', '试用', 'post_status', '在职状态', 1, 0, 0, '', now(), '', now(), NULL);
INSERT INTO `sys_dict_data` VALUES (2, 1, 'practice', '实习', 'post_status', '在职状态', 1, 0, 0, '', now(), '', now(), NULL);
INSERT INTO `sys_dict_data` VALUES (4, 2, 'formal', '正式', 'post_status', '在职状态', 1, 0, 0, '', now(), '', now(), NULL);
INSERT INTO `sys_dict_data` VALUES (5, 4, 'resignation-normal', '离职-正常', 'post_status', '在职状态', 1, 0, 0, '', now(), '', now(), NULL);
INSERT INTO `sys_dict_data` VALUES (6, 5, 'resignation-automatic', '离职-自动', 'post_status', '在职状态', 1, 0, 0, '', now(), '', now(), NULL);
INSERT INTO `sys_dict_data` VALUES (7, 6, 'resignation-urgent', '离职-加急', 'post_status', '在职状态', 1, 0, 0, '', now(), '', now(), NULL);
INSERT INTO `sys_dict_data` VALUES (8, 7, 'resignation-dismissal', '劝退', 'post_status', '在职状态', 1, 0, 0, '', now(), '', now(), NULL);
INSERT INTO `sys_dict_data` VALUES (9, 0, 'SJZ', '石家庄', 'work_area', '工作地点', 1, 0, 0, '', now(), '', now(), NULL);
INSERT INTO `sys_dict_data` VALUES (10, 1, 'BJ', '北京', 'work_area', '工作地点', 1, 0, 0, '', now(), '', now(), NULL);
INSERT INTO `sys_dict_data` VALUES (11, 2, 'SH', '上海', 'work_area', '工作地点', 1, 0, 0, '', now(), '', now(), NULL);
INSERT INTO `sys_dict_data` VALUES (12, 3, 'XT', '邢台', 'work_area', '工作地点', 1, 0, 0, '', now(), '', now(), NULL);
INSERT INTO `sys_dict_data` VALUES (13, 0, 'ZB', '总部', 'workplace', '职场', 1, 0, 0, '', now(), '',now(), NULL);
INSERT INTO `sys_dict_data` VALUES (14, 1, 'XT', '邢台', 'workplace', '职场', 1, 0, 0, '', now(), '', now(), NULL);
INSERT INTO `sys_dict_data` VALUES (15, 2, 'QX', '桥西', 'workplace', '职场', 1, 0, 0, '', now(), '', now(), NULL);
INSERT INTO `sys_dict_data` VALUES (16, 3, 'FB', '方北', 'workplace', '职场', 1, 0, 0, '', now(), '', now(), NULL);
INSERT INTO `sys_dict_data` VALUES (17, 0, 'masses', '群众', 'political_status', '政治面貌', 1, 0, 0, '', now(), '', now(), NULL);
INSERT INTO `sys_dict_data` VALUES (18, 1, 'CCYL_member', '团员', 'political_status', '政治面貌', 1, 0, 0, '', now(), '', now(), NULL);
INSERT INTO `sys_dict_data` VALUES (19, 2, 'CCP_member', '党员', 'political_status', '政治面貌', 1, 0, 0, '', now(), '', now(), NULL);
INSERT INTO `sys_dict_data` VALUES (20, 0, 'normal', '正常', 'abnormal_state', '异动状态', 1, 0, 1, '', now(), '', now(), NULL);
INSERT INTO `sys_dict_data` VALUES (21, 1, 'optimized', '待优化', 'abnormal_state', '异动状态', 1, 0, 0, '', now(), '', now(), NULL);
INSERT INTO `sys_dict_data` VALUES (22, 2, 'dismissed', '待劝退', 'abnormal_state', '异动状态', 1, 0, 0, '', now(), '', now(), NULL);
INSERT INTO `sys_dict_data` VALUES (23, 9, 'offLine', '离职-加急', 'abnormal_type', '异动类型', 1, 0, 0, '', now(), '', now(), NULL);
INSERT INTO `sys_dict_data` VALUES (24, 1, 'enterLine', '入职', 'abnormal_type', '异动类型', 1, 0, 0, '', now(), '', now(), NULL);
INSERT INTO `sys_dict_data` VALUES (25, 2, 'training', '培训', 'abnormal_type', '异动类型', 1, 0, 0, '', now(), '', now(), NULL);
INSERT INTO `sys_dict_data` VALUES (26, 3, 'transfer', '调岗', 'abnormal_type', '异动类型', 1, 0, 0, '', now(), '', now(), NULL);
INSERT INTO `sys_dict_data` VALUES (27, 4, 'positived', '转正', 'abnormal_type', '异动类型', 1, 0, 0, '', now(), '',now(), NULL);
INSERT INTO `sys_dict_data` VALUES (28, 5, 'promotion', '晋升', 'abnormal_type', '异动类型', 1, 0, 1, '', now(), '', now(), NULL);
INSERT INTO `sys_dict_data` VALUES (29, 6, 'salary_adjustment', '调薪', 'abnormal_type', '异动类型', 1, 0, 0, '', now(), '', now(), NULL);
INSERT INTO `sys_dict_data` VALUES (30, 7, 'persuade', '劝退', 'abnormal_type', '异动类型', 1, 0, 0, '', now(), '', now(), NULL);
INSERT INTO `sys_dict_data` VALUES (31, 8, 'dismiss', '离职-自动', 'abnormal_type', '异动类型', 1, 0, 0, '', now(), '', now(), NULL);
INSERT INTO `sys_dict_data` VALUES (32, 0, 'timing_normal', '定时打卡-正常', 'attendance_type', '考勤类型', 1, 0, 0, '', now(), '', now(), NULL);
INSERT INTO `sys_dict_data` VALUES (33, 1, 'timing_grab', '定时打卡-可抢', 'attendance_type', '考勤类型', 1, 0, 0, '', now(), '', now(), NULL);
INSERT INTO `sys_dict_data` VALUES (34, 2, 'elasticity', '弹性打卡', 'attendance_type', '考勤类型', 1, 0, 0, '', now(), '', now(), NULL);
INSERT INTO `sys_dict_data` VALUES (35, 3, 'no_check', '不打卡', 'attendance_type', '考勤类型', 1, 0, 0, '', now(), '', now(), NULL);
INSERT INTO `sys_dict_data` VALUES (36, 1, '1', '管理岗位', 'post_attr', '岗位属性', 1, 0, 0, '', now(), '', now(), NULL);
INSERT INTO `sys_dict_data` VALUES (37, 2, '2', '一线岗位', 'post_attr', '岗位属性', 1, 0, 0, '', now(), '', now(), NULL);
INSERT INTO `sys_dict_data` VALUES (38, 3, '3', '职能岗位', 'post_attr', '岗位属性', 1, 0, 0, '', now(), '', now(), NULL);
INSERT INTO `sys_dict_data` VALUES (39, 0, 'offLine', '线下', 'train_way', '培训方式', 1, 0, 0, '', now(), '', now(), '');
INSERT INTO `sys_dict_data` VALUES (40, 1, 'onLine', '线上', 'train_way', '培训方式', 1, 0, 0, '', now(), '', now(), NULL);
INSERT INTO `sys_dict_data` VALUES (41, 1, 'hotline', '热线', 'depart_attr', '部门属性', 1, 0, 0, '', now(), '', now(), NULL);
INSERT INTO `sys_dict_data` VALUES (42, 2, 'visit', '回访', 'depart_attr', '部门属性', 1, 0, 0, '', now(), '', now(), NULL);
INSERT INTO `sys_dict_data` VALUES (43, 1, 'primary_school', '小学', 'degree', '学历类型', 1, 0, 0, '', now(), '', now(), NULL);
INSERT INTO `sys_dict_data` VALUES (44, 2, 'junior_high_school', '初中', 'degree', '学历类型', 1, 0, 0, '', now(), '', now(), NULL);
INSERT INTO `sys_dict_data` VALUES (45, 3, 'high_school', '高中', 'degree', '学历类型', 1, 0, 0, '', now(), '', now(), NULL);
INSERT INTO `sys_dict_data` VALUES (46, 4, 'technical_secondary_school', '中专', 'degree', '学历类型', 1, 0, 0, '', now(), '', now(), NULL);
INSERT INTO `sys_dict_data` VALUES (47, 5, 'junior_college', '大专', 'degree', '学历类型', 1, 0, 0, '', now(), '', now(), NULL);
INSERT INTO `sys_dict_data` VALUES (48, 6, 'undergraduate', '本科', 'degree', '学历类型', 1, 0, 0, '', now(), '', now(), NULL);
INSERT INTO `sys_dict_data` VALUES (49, 7, 'postgraduate', '研究生', 'degree', '学历类型', 1, 0, 0, '', now(), '', now(), NULL);
INSERT INTO `sys_dict_data` VALUES (50, 1, 'renrui', '仁瑞', 'partner', '合作方', 1, 0, 0, '', now(), '', now(), NULL);
INSERT INTO `sys_dict_data` VALUES (51, 2, 'mofang', '魔方', 'partner', '合作方', 1, 0, 1, '', now(), '', now(), NULL);
INSERT INTO `sys_dict_data` VALUES (52, 0, '', '年假', 'false_name', '假勤类型', 1, 0, 0, '', now(), '', now(), NULL);
INSERT INTO `sys_dict_data` VALUES (53, 1, '', '事假', 'false_name', '假勤类型', 1, 0, 0, '', now(), '', now(), NULL);
INSERT INTO `sys_dict_data` VALUES (54, 2, '', '病假', 'false_name', '假勤类型', 1, 0, 0, '', now(), '', now(), NULL);
INSERT INTO `sys_dict_data` VALUES (55, 3, '', '婚假', 'false_name', '假勤类型', 1, 0, 0, '', now(), '', now(), NULL);
INSERT INTO `sys_dict_data` VALUES (56, 4, '', '丧假', 'false_name', '假勤类型', 1, 0, 0, '', now(), '', now(), NULL);
INSERT INTO `sys_dict_data` VALUES (57, 5, '', '产假', 'false_name', '假勤类型', 1, 0, 0, '', now(), '', now(), NULL);
INSERT INTO `sys_dict_data` VALUES (58, 6, '', '哺乳假', 'false_name', '假勤类型', 1, 0, 1, '', now(), '', now(), NULL);
INSERT INTO `sys_dict_data` VALUES (59, 0, '', '养老保险', 'social', '社保类型', 1, 0, 0, '', now(), '', now(), NULL);
INSERT INTO `sys_dict_data` VALUES (60, 1, '', '医疗保险', 'social', '社保类型', 1, 0, 0, '', now(), '', now(), NULL);
INSERT INTO `sys_dict_data` VALUES (61, 2, '', '失业保险', 'social', '社保类型', 1, 0, 0, '', now(), '', now(), NULL);
INSERT INTO `sys_dict_data` VALUES (62, 3, '', '工伤保险', 'social', '社保类型', 1, 0, 0, '', now(), '', now(), NULL);
INSERT INTO `sys_dict_data` VALUES (63, 4, '', '生育保险', 'social', '社保类型', 1, 0, 0, '', now(), '', now(), NULL);
INSERT INTO `sys_dict_data` VALUES (64, 5, '', '商业保险', 'social', '社保类型', 1, 0, 0, '', now(), '', now(), NULL);
INSERT INTO `sys_dict_data` VALUES (65, 6, '', '住房公积金', 'social', '社保类型', 1, 0, 0, '', now(), '', now(), NULL);
INSERT INTO `sys_dict_data` VALUES (66, 1, '1', '入职即计算', 'salary_sign', '工资计算时间', 1, 0, 0, '', now(), '', now(), NULL);
INSERT INTO `sys_dict_data` VALUES (67, 2, '2', '入岗即计算', 'salary_sign', '工资计算时间', 1, 0, 0, '', now(), '', now(), NULL);
INSERT INTO `sys_dict_data` VALUES (68, 10, '', '离职-正常', 'abnormal_type', '异动类型', 1, 0, 0, '', now(), '', now(), NULL);
INSERT INTO `sys_dict_data` VALUES (69, 11, '1', '入岗', 'abnormal_type', '异动类型', 1, 1, 0, '', now(), '', now(), NULL);
INSERT INTO `sys_dict_data` VALUES (70, 12, '2', '岗位下调', 'abnormal_type', '异动类型', 1, 2, 1, '', now(), '',now(), NULL);
INSERT INTO `sys_dict_data` VALUES (71, 13, '3', '岗位晋升', 'abnormal_type', '异动类型', 1, 3, 1, '', now(), '', now(), NULL);
INSERT INTO `sys_dict_data` VALUES (72, 14, '4', '等级晋升', 'abnormal_type', '异动类型', 1, 4, 0, '', now(), '', now(), NULL);
INSERT INTO `sys_dict_data` VALUES (73, 15, '5', '等级下调', 'abnormal_type', '异动类型', 1, 5, 0, '', now(), '',now(), NULL);
INSERT INTO `sys_dict_data` VALUES (74, 4, 'dssyb', '第三事业部', 'workplace', '职场', 1, 0, 0, '', now(), '', now(), NULL);
INSERT INTO `sys_dict_data` VALUES (136, 1, '', '放弃', 'resume_depart', '面试入库原因', 1, 0, 0, '', now(), '', now(), NULL);
INSERT INTO `sys_dict_data` VALUES (137, 2, '', '人才储备', 'resume_depart', '面试入库原因', 1, 0, 0, '', now() '', now(), NULL);
INSERT INTO `sys_dict_data` VALUES (138, 3, '', '黑名单', 'resume_depart', '面试入库原因', 1, 0, 0, '', now(), '',now(), NULL);
INSERT INTO `sys_dict_data` VALUES (139, 4, '', '已入职', 'resume_depart', '面试入库原因', 1, 0, 0, '', now(), '', now(), NULL);
INSERT INTO `sys_dict_data` VALUES (140, 5, '', '其他', 'resume_depart', '面试入库原因', 1, 0, 0, '', now(), '', now(), NULL);
INSERT INTO `sys_dict_data` VALUES (141, 2, '', '高精准', 'intention', '面试初始意向', 1, 0, 0, '', now(), '', now(), NULL);
INSERT INTO `sys_dict_data` VALUES (142, 3, '', '高意向', 'intention', '面试初始意向', 1, 0, 0, '',now(), '', now(), NULL);
INSERT INTO `sys_dict_data` VALUES (143, 4, '', '普通意向', 'intention', '面试初始意向', 1, 0, 0, '', now(), '', now(), NULL);
INSERT INTO `sys_dict_data` VALUES (144, 5, '', '其他', 'intention', '面试初始意向', 1, 0, 0, '', now(), '', now(), NULL);
INSERT INTO `sys_dict_data` VALUES (145, 2, '', '现场面试', 'interview_type', '面试类型', 1, 0, 0, '', now(), '', now(), NULL);
INSERT INTO `sys_dict_data` VALUES (146, 3, '', '视频面试', 'interview_type', '面试类型', 1, 0, 0, '', now(), '', now(), NULL);
INSERT INTO `sys_dict_data` VALUES (147, 4, '', '电话面试', 'interview_type', '面试类型', 1, 0, 0, '', now(), '', now(), NULL);
INSERT INTO `sys_dict_data` VALUES (148, 2, '', '短信', 'notice', '通知类型', 1, 0, 0, '', now(), '', now(), NULL);
INSERT INTO `sys_dict_data` VALUES (149, 3, '', '邮件', 'notice', '通知类型', 1, 0, 0, '', now(), '', now(), NULL);
INSERT INTO `sys_dict_data` VALUES (150, 3, '', '短信+邮件', 'notice', '通知类型', 1, 0, 0, '', now(), '', now(), NULL);
INSERT INTO `sys_dict_data` VALUES (151, 2, '', '不通过', 'interview_result', '面试结果', 1, 0, 0, '', now(), '', now(), NULL);
INSERT INTO `sys_dict_data` VALUES (152, 3, '', '可入职', 'interview_result', '面试结果', 1, 0, 0, '', now(), '', now(), NULL);
INSERT INTO `sys_dict_data` VALUES (153, 4, '', '需复试', 'interview_result', '面试结果', 1, 0, 0, '', now(), '', now(), NULL);
INSERT INTO `sys_dict_data` VALUES (154, 4, '5', '放入简历库', 'interview_result', '面试结果', 1, 0, 0, '', now(), '', now(), NULL);
INSERT INTO `sys_dict_data` VALUES (180, 1, 'stayPost', '待入岗', 'post_state', '入岗状态', 1, 0, 0, '', now(), '', now(), NULL);
INSERT INTO `sys_dict_data` VALUES (181, 3, 'stayPost', '已入岗', 'post_state', '入岗状态', 1, 0, 0, '', now(), '', now(), NULL);
INSERT INTO `sys_dict_data` VALUES (182, 4, 'stayPost', '取消入岗', 'post_state', '入岗状态', 1, 0, 0, '', now(), '', now(), NULL);
INSERT INTO `sys_dict_data` VALUES (183, 1, 'no_training', '未培训', 'training_completion', '培训完成度', 1, 0, 0, '', now(), '', now(), NULL);
INSERT INTO `sys_dict_data` VALUES (184, 2, 'part_training', '部分培训', 'training_completion', '培训完成度', 1, 0, 0, '', now(), '', now(), NULL);
INSERT INTO `sys_dict_data` VALUES (185, 3, 'all_training', '全部培训', 'training_completion', '培训完成度', 1, 0, 0, '', now(), '', now(), NULL);
INSERT INTO `sys_dict_data` VALUES (186, 4, 'early_post', '提前入岗', 'training_completion', '培训完成度', 1, 0, 0, '', now(), '', now(), NULL);
INSERT INTO `sys_dict_data` VALUES (394, 1, '', '拓展', 'depart_attr', '业务属性', 1, 0, 0, '', now(), '', now(), NULL);
INSERT INTO `sys_dict_data` VALUES (395, 2, '', '散线', 'depart_attr', '业务属性', 1, 0, 0, '', now(), '', now(), NULL);
INSERT INTO `sys_dict_data` VALUES (396, 3, '', '其他', 'depart_attr', '业务属性', 1, 0, 0, '', now(), '', now(), NULL);
INSERT INTO `sys_dict_data` VALUES (397, 4, '', '新人', 'depart_attr', '业务属性', 1, 0, 0, '', now(), '', now(), NULL);
INSERT INTO `sys_dict_data` VALUES (398, 1, '1', '不合格', 'training_grade', '培训成绩', 1, 0, 0, '', now(), '', now(), NULL);
INSERT INTO `sys_dict_data` VALUES (399, 2, '2', '合格', 'training_grade', '培训成绩', 1, 0, 0, '', now(), '', now(), NULL);
INSERT INTO `sys_dict_data` VALUES (400, 3, '3', '优秀', 'training_grade', '培训成绩', 1, 0, 0, '', now(), '', now(), NULL);
INSERT INTO `sys_dict_data` VALUES (473, 1, '', '上午班', 'class', '选班班次', 1, 0, 0, '', now(), '', now(), NULL);
INSERT INTO `sys_dict_data` VALUES (474, 2, '', '下午班', 'class', '选班班次', 1, 0, 0, '', now(), '', now(), NULL);
INSERT INTO `sys_dict_data` VALUES (475, 3, '', '晚班', 'class', '选班班次', 1, 0, 0, '', now(), '', now(), NULL);
INSERT INTO `sys_dict_data` VALUES (562, 0, 'already_train', '已参培', 'train_state', '培训状态', 1, 0, 0, '', now(), '', now(), NULL);
INSERT INTO `sys_dict_data` VALUES (563, 1, 'not_train', '未参培', 'train_state', '培训状态', 1, 0, 0, '', now(), '', now(), NULL);
INSERT INTO `sys_dict_data` VALUES (564, 2, 'morning_train', '上午参培', 'train_state', '培训状态', 1, 0, 0, '', now(), '', now(), NULL);
INSERT INTO `sys_dict_data` VALUES (565, 3, 'afternoon_train', '下午参培', 'train_state', '培训状态', 1, 0, 0, '', now(), '', now(), NULL);
INSERT INTO `sys_dict_data` VALUES (566, 2, 'stayPost', '待确认', 'post_state', '入岗状态', 1, 0, 0, '', now(), '', now(), NULL);
INSERT INTO `sys_dict_data` VALUES (567, 4, '\r\nearly_train', '提前入岗', 'train_state', '培训状态', 1, 0, 0, '', now(), '', now(), NULL);
INSERT INTO `sys_dict_data` VALUES (568, 1, '1', '6', 'resume_follow_time', '简历跟进时长', 1, 0, 0, '12', now(), '2030', now(), NULL);
INSERT INTO `sys_dict_data` VALUES (569, 1, '1', '全职', 'work_nature', '工作性质', 1, 0, 0, '12', now(), '', now(), NULL);
INSERT INTO `sys_dict_data` VALUES (570, 2, '1', '兼职', 'work_nature', '工作性质', 1, 0, 0, '12', now(), '',now(), NULL);
INSERT INTO `sys_dict_data` VALUES (571, 3, '1', '实习', 'work_nature', '工作性质', 1, 0, 0, '12', now(), '', now(), NULL);
INSERT INTO `sys_dict_data` VALUES (572, 1, '1', '不限', 'work_back', '工作经验', 1, 0, 0, '', now(), '', now(), NULL);
INSERT INTO `sys_dict_data` VALUES (573, 2, '1', '1年以上', 'work_back', '工作经验', 1, 0, 0, '', now(), '', now(), NULL);
INSERT INTO `sys_dict_data` VALUES (574, 3, '1', '2年以上', 'work_back', '工作经验', 1, 0, 0, '', now(), '', now(), NULL);
INSERT INTO `sys_dict_data` VALUES (575, 4, '1', '3年以上', 'work_back', '工作经验', 1, 0, 0, '', now(), '', now(), NULL);
INSERT INTO `sys_dict_data` VALUES (576, 5, '1', '4年以上', 'work_back', '工作经验', 1, 0, 0, '', now(), '', now(), '');
INSERT INTO `sys_dict_data` VALUES (577, 6, '1', '5年以上', 'work_back', '工作经验', 1, 0, 0, '', now(), '', now(), NULL);
INSERT INTO `sys_dict_data` VALUES (579, 1, 'enterLine', '入职', 'change_type', '变动类型', 1, 0, 0, '', now(), '', now(), NULL);
INSERT INTO `sys_dict_data` VALUES (580, 11, '1', '入岗', 'change_type', '变动类型', 1, 0, 0, '', now(), '', now(), NULL);
INSERT INTO `sys_dict_data` VALUES (581, 2, 'training', '培训', 'change_type', '变动类型', 1, 0, 0, '', now(), '', now(), NULL);
INSERT INTO `sys_dict_data` VALUES (582, 3, 'transfer', '调岗', 'change_type', '变动类型', 1, 0, 0, '', now(), '', now(), NULL);
INSERT INTO `sys_dict_data` VALUES (583, 4, 'positived', '转正', 'change_type', '变动类型', 1, 0, 0, '', now(), '', now(), NULL);
INSERT INTO `sys_dict_data` VALUES (584, 5, 'promotion', '基本信息更改', 'change_type', '变动类型', 1, 0, 0, '', now(), '', now(), NULL);
INSERT INTO `sys_dict_data` VALUES (585, 6, 'salary_adjustment', '调薪', 'change_type', '变动类型', 1, 0, 0, '', now(), '', now(), NULL);
INSERT INTO `sys_dict_data` VALUES (586, 7, 'persuade', '劝退', 'change_type', '变动类型', 1, 0, 0, '', now(), '', now(), NULL);
INSERT INTO `sys_dict_data` VALUES (587, 8, 'dismiss', '离职-自动', 'change_type', '变动类型', 1, 0, 0, '', now(), '', now(), NULL);
INSERT INTO `sys_dict_data` VALUES (588, 10, '', '离职-正常', 'change_type', '变动类型', 1, 0, 0, '', now(), '', now(), NULL);
INSERT INTO `sys_dict_data` VALUES (589, 9, 'offLine', '离职-加急', 'change_type', '变动类型', 1, 0, 0, '', now(), '', now(), NULL);
INSERT INTO `sys_dict_data` VALUES (590, 12, '2', '上级负责人变动', 'change_type', '变动类型', 1, 0, 0, '', now(), '', now(), NULL);
INSERT INTO `sys_dict_data` VALUES (591, 14, '4', '等级晋升', 'change_type', '变动类型', 1, 0, 0, '', now(), '', now(), NULL);
INSERT INTO `sys_dict_data` VALUES (592, 15, '5', '等级下调', 'change_type', '变动类型', 1, 0, 0, '', now(), '', now(), NULL);
INSERT INTO `sys_dict_data` VALUES (595, 1, '', '2', 'automatic_entry_days', '自动入岗天数', 1, 0, 1, '', now(), '', now(), NULL);
INSERT INTO `sys_dict_data` VALUES (598, 1, '', '考勤休假', 'process_type', '审批类型', 1, 0, 0, 'qq', now(), '', now(), NULL);
INSERT INTO `sys_dict_data` VALUES (602, 2, '', '人事招聘', 'process_type', '审批类型', 1, 0, 0, '1', now(), '', now(), NULL);
INSERT INTO `sys_dict_data` VALUES (603, 3, '', '财务审批', 'process_type', '审批类型', 1, 0, 0, '1', now(), '', now(), NULL);
INSERT INTO `sys_dict_data` VALUES (604, 4, '', '其他审批', 'process_type', '审批类型', 1, 0, 0, '1', now(), '', now(), NULL);
INSERT INTO `sys_dict_data` VALUES (605, 5, '', '人事罚款', 'process_type', '审批类型', 1, 0, 0, '400', now(), '', now(), NULL);
INSERT INTO `sys_dict_data` VALUES (610, 4, 'no_check', '通话打卡一线', 'attendance_type', '考勤类型', 1, 0, 0, '', now(), '', now(), NULL);
INSERT INTO `sys_dict_data` VALUES (611, 0, '', '正常', 'attend_result', 'attend_result', 1, 0, 0, '', now(), '', now(), NULL);
INSERT INTO `sys_dict_data` VALUES (612, 0, '', '迟到', 'attend_result', 'attend_result', 1, 0, 0, '', now(), '', now(), NULL);
INSERT INTO `sys_dict_data` VALUES (613, 0, '', '休息', 'attend_result', 'attend_result', 1, 0, 0, '', now(), '', now(), NULL);
INSERT INTO `sys_dict_data` VALUES (614, 0, '', '上班缺卡', 'attend_result', 'attend_result', 1, 0, 0, '', now(), '', now(), NULL);
INSERT INTO `sys_dict_data` VALUES (615, 0, '', '下班缺卡', 'attend_result', 'attend_result', 1, 0, 0, '', now(), '', now(), NULL);
INSERT INTO `sys_dict_data` VALUES (616, 0, '', '下班早退', 'attend_result', 'attend_result', 1, 0, 0, '', now(), '', now(), NULL);
INSERT INTO `sys_dict_data` VALUES (617, 0, '', '旷工', 'attend_result', 'attend_result', 1, 0, 0, '', now(), '', now(), NULL);
INSERT INTO `sys_dict_data` VALUES (618, 0, '', '上午旷工', 'attend_result', 'attend_result', 1, 0, 0, '', now(), '', now(), NULL);
INSERT INTO `sys_dict_data` VALUES (619, 0, '', '下午旷工', 'attend_result', 'attend_result', 1, 0, 0, '', now(), '', now(), NULL);
INSERT INTO `sys_dict_data` VALUES (621, 0, '', '上午事假', 'attend_result', 'attend_result', 1, 0, 0, '', now(), '', now(), NULL);
INSERT INTO `sys_dict_data` VALUES (622, 0, '', '下午事假', 'attend_result', 'attend_result', 1, 0, 0, '', now(), '', now(), NULL);
INSERT INTO `sys_dict_data` VALUES (624, 0, '', '上午病假', 'attend_result', 'attend_result', 1, 0, 0, '', now(), '', now(), NULL);
INSERT INTO `sys_dict_data` VALUES (625, 0, '', '下午病假', 'attend_result', 'attend_result', 1, 0, 0, '', now(), '', now(), NULL);
INSERT INTO `sys_dict_data` VALUES (627, 0, '', '上午丧假', 'attend_result', 'attend_result', 1, 0, 0, '', now(), '', now(), NULL);
INSERT INTO `sys_dict_data` VALUES (628, 0, '', '下午丧假', 'attend_result', 'attend_result', 1, 0, 0, '', now(), '', now(), NULL);
INSERT INTO `sys_dict_data` VALUES (632, 0, '', '上午年假', 'attend_result', 'attend_result', 1, 0, 0, '', now(), '', now(), NULL);
INSERT INTO `sys_dict_data` VALUES (633, 0, '', '下午年假', 'attend_result', 'attend_result', 1, 0, 0, '', now(), '', now(), NULL);
INSERT INTO `sys_dict_data` VALUES (634, 0, '', '外出', 'attend_result', 'attend_result', 1, 0, 0, '', now(), '', now(), NULL);
INSERT INTO `sys_dict_data` VALUES (635, 0, '', '上午外出', 'attend_result', 'attend_result', 1, 0, 0, '', now(), '', now(), NULL);
INSERT INTO `sys_dict_data` VALUES (636, 0, '', '下午外出', 'attend_result', 'attend_result', 1, 0, 0, '', now(), '', now(), NULL);
INSERT INTO `sys_dict_data` VALUES (637, 0, '', '外勤', 'attend_result', 'attend_result', 1, 0, 0, '', now(), '', now(), NULL);
INSERT INTO `sys_dict_data` VALUES (638, 0, '', '上午外勤', 'attend_result', 'attend_result', 1, 0, 0, '', now(), '', now(), NULL);
INSERT INTO `sys_dict_data` VALUES (639, 0, '', '下午外勤', 'attend_result', 'attend_result', 1, 0, 0, '', now(), '', now(), NULL);
INSERT INTO `sys_dict_data` VALUES (640, 0, '', '休息并打卡', 'attend_result', 'attend_result', 1, 0, 0, '', now(), '', now(), NULL);
INSERT INTO `sys_dict_data` VALUES (675, 0, '', '上午出差', 'attend_result', NULL, 1, 0, 0, '', now(), '', now(), NULL);
INSERT INTO `sys_dict_data` VALUES (676, 0, '', '下午出差', 'attend_result', NULL, 1, 0, 0, '', now(), '', now(), NULL);


--假勤配置惩罚规则表
INSERT INTO `attend_false_punish` VALUES (1, 1, NULL, '按旷工处理', 0);
INSERT INTO `attend_false_punish` VALUES (2, 2, 0.90, '90%日薪', 0);
INSERT INTO `attend_false_punish` VALUES (3, 2, 0.80, '80%日薪', 0);
INSERT INTO `attend_false_punish` VALUES (4, 2, 0.70, '70%日薪', 0);
INSERT INTO `attend_false_punish` VALUES (5, 2, 0.60, '60%日薪', 0);
INSERT INTO `attend_false_punish` VALUES (6, 2, 0.50, '50%日薪', 0);
INSERT INTO `attend_false_punish` VALUES (7, 2, 1.00, '1倍工资', 0);
INSERT INTO `attend_false_punish` VALUES (8, 2, 2.00, '2倍工资', 0);
INSERT INTO `attend_false_punish` VALUES (9, 2, 3.00, '3倍工资', 0);
--考勤奖惩项
INSERT INTO `attend_rp_item`(`id`, `name`, `standard_type`, `type`, `times`, `is_del`) VALUES (1, '迟到/早退/未打卡', 1, 2, 3, 0);
INSERT INTO `attend_rp_item`(`id`, `name`, `standard_type`, `type`, `times`, `is_del`) VALUES (2, '旷工-几倍日薪', 2, 2, 1, 0);
INSERT INTO `attend_rp_item`(`id`, `name`, `standard_type`, `type`, `times`, `is_del`) VALUES (3, '全勤-奖励金额', 1, 1, 1, 0);
--部门层次定义
INSERT INTO `depart_level_desc`(`id`, `level`, `level_name`, `level_definition`) VALUES (1, 1, '一级组织', '集团');
INSERT INTO `depart_level_desc`(`id`, `level`, `level_name`, `level_definition`) VALUES (2, 2, '二级组织', '公司');
INSERT INTO `depart_level_desc`(`id`, `level`, `level_name`, `level_definition`) VALUES (3, 3, '三级组织', '子公司');
INSERT INTO `depart_level_desc`(`id`, `level`, `level_name`, `level_definition`) VALUES (4, 4, '四级组织', '中心');
INSERT INTO `depart_level_desc`(`id`, `level`, `level_name`, `level_definition`) VALUES (5, 5, '五级组织', '部门');
INSERT INTO `depart_level_desc`(`id`, `level`, `level_name`, `level_definition`) VALUES (6, 6, '六级组织', '组织');
INSERT INTO `depart_level_desc`(`id`, `level`, `level_name`, `level_definition`) VALUES (7, 7, '七级组织', '小组');
INSERT INTO `depart_level_desc`(`id`, `level`, `level_name`, `level_definition`) VALUES (8, 8, '八级组织', '班组');
INSERT INTO `depart_level_desc`(`id`, `level`, `level_name`, `level_definition`) VALUES (9, 9, '九级组织', 'test');
INSERT INTO `depart_level_desc`(`id`, `level`, `level_name`, `level_definition`) VALUES (10, 10, '十级组织', '123');
--用户账号密码
INSERT INTO `staff_password`(`staff_no`, `password`, `is_del`) VALUES ( 'admin4', 'e10adc3949ba59abbe56e057f20f883e', 0);
INSERT INTO `staff_password`(`staff_no`, `password`, `is_del`) VALUES ('admin3', 'e10adc3949ba59abbe56e057f20f883e', 0);
INSERT INTO `staff_password`(`staff_no`, `password`, `is_del`) VALUES ('admin2', 'e10adc3949ba59abbe56e057f20f883e', 0);
INSERT INTO `staff_password`(`staff_no`, `password`, `is_del`) VALUES ('admin1', 'e10adc3949ba59abbe56e057f20f883e', 0);
--用户账号信息
INSERT INTO `staff`(`no`, `name`, `en_name`, `phone`, `sex`, `email`, `workplace_code`, `nature`, `partner_code`, `work_code`, `work_status`, `post_status_code`, `account_status`, `abno_status_code`, `entry_times`, `img_url`, `nation_code`, `degree_code`, `id_card_no`, `major`, `politics_status_code`, `birthdate`, `emergency_phone`, `emergency_contact`, `bank_id`, `bank_name`, `bank_card`, `order_clearing_center`, `pay_clearing_center`, `wechat`, `sales_flag`, `training_times`, `training_status`, `training_grade`, `training_completion`, `enter_status`, `introd_no`, `put_up`, `reserve_talent`, `insura_remark`, `creator`, `create_time`, `updator`, `update_time`, `is_del`, `old_staff_id`, `entry_time`, `post_time`, `transfer_post_time`, `positive_time`, `dimission_time`, `last_abnor_time`, `abnor_times`, `current_salary`, `payroll_accounting_date`, `article`, `role_id`, `ding_user_id`) VALUES ( 'admin4', 'admin4', 'bi管理员', '', 1, '', 9, 1, NULL, 13, 1, 4, 0, 0, NULL, NULL, 1, NULL, '1000', NULL, 0, NULL, NULL, NULL, NULL, NULL, NULL, NULL, NULL, NULL, 0, NULL, NULL, NULL, NULL, 181, NULL, NULL, 0, NULL, '1000', now(), '1000', now(), 0, 1, NULL, NULL, NULL, NULL, NULL, NULL, NULL, NULL, NULL, NULL, NULL, NULL);
INSERT INTO `staff`(`no`, `name`, `en_name`, `phone`, `sex`, `email`, `workplace_code`, `nature`, `partner_code`, `work_code`, `work_status`, `post_status_code`, `account_status`, `abno_status_code`, `entry_times`, `img_url`, `nation_code`, `degree_code`, `id_card_no`, `major`, `politics_status_code`, `birthdate`, `emergency_phone`, `emergency_contact`, `bank_id`, `bank_name`, `bank_card`, `order_clearing_center`, `pay_clearing_center`, `wechat`, `sales_flag`, `training_times`, `training_status`, `training_grade`, `training_completion`, `enter_status`, `introd_no`, `put_up`, `reserve_talent`, `insura_remark`, `creator`, `create_time`, `updator`, `update_time`, `is_del`, `old_staff_id`, `entry_time`, `post_time`, `transfer_post_time`, `positive_time`, `dimission_time`, `last_abnor_time`, `abnor_times`, `current_salary`, `payroll_accounting_date`, `article`, `role_id`, `ding_user_id`) VALUES ('admin3', 'admin3', 'dmc管理员', '', 1, '', 9, 1, NULL, 13, 1, 4, 0, 0, NULL, NULL, 1, NULL, '1000', NULL, 0, NULL, NULL, NULL, NULL, NULL, NULL, NULL, NULL, NULL, 0, NULL, NULL, NULL, NULL, 181, NULL, NULL, 0, NULL, '1000', now(), '1000', now(), 0, 1, NULL, NULL, NULL, NULL, NULL, NULL, NULL, NULL, NULL, NULL, NULL, NULL);
INSERT INTO `staff`(`no`, `name`, `en_name`, `phone`, `sex`, `email`, `workplace_code`, `nature`, `partner_code`, `work_code`, `work_status`, `post_status_code`, `account_status`, `abno_status_code`, `entry_times`, `img_url`, `nation_code`, `degree_code`, `id_card_no`, `major`, `politics_status_code`, `birthdate`, `emergency_phone`, `emergency_contact`, `bank_id`, `bank_name`, `bank_card`, `order_clearing_center`, `pay_clearing_center`, `wechat`, `sales_flag`, `training_times`, `training_status`, `training_grade`, `training_completion`, `enter_status`, `introd_no`, `put_up`, `reserve_talent`, `insura_remark`, `creator`, `create_time`, `updator`, `update_time`, `is_del`, `old_staff_id`, `entry_time`, `post_time`, `transfer_post_time`, `positive_time`, `dimission_time`, `last_abnor_time`, `abnor_times`, `current_salary`, `payroll_accounting_date`, `article`, `role_id`, `ding_user_id`) VALUES ('admin2', 'admin2', 'crm管理员', '', 1, '', 9, 1, NULL, 13, 1, 4, 0, 0, NULL, NULL, 1, NULL, '1000', NULL, 0, NULL, NULL, NULL, NULL, NULL, NULL, NULL, NULL, NULL, 0, NULL, NULL, NULL, NULL, 181, NULL, NULL, 0, NULL, '1000', now(), '1000', now(), 0, 1, NULL, NULL, NULL, NULL, NULL, NULL, NULL, NULL, NULL, NULL, NULL, NULL);
INSERT INTO `staff`(`no`, `name`, `en_name`, `phone`, `sex`, `email`, `workplace_code`, `nature`, `partner_code`, `work_code`, `work_status`, `post_status_code`, `account_status`, `abno_status_code`, `entry_times`, `img_url`, `nation_code`, `degree_code`, `id_card_no`, `major`, `politics_status_code`, `birthdate`, `emergency_phone`, `emergency_contact`, `bank_id`, `bank_name`, `bank_card`, `order_clearing_center`, `pay_clearing_center`, `wechat`, `sales_flag`, `training_times`, `training_status`, `training_grade`, `training_completion`, `enter_status`, `introd_no`, `put_up`, `reserve_talent`, `insura_remark`, `creator`, `create_time`, `updator`, `update_time`, `is_del`, `old_staff_id`, `entry_time`, `post_time`, `transfer_post_time`, `positive_time`, `dimission_time`, `last_abnor_time`, `abnor_times`, `current_salary`, `payroll_accounting_date`, `article`, `role_id`, `ding_user_id`) VALUES ('admin1', 'admin1', 'ehr管理员', '', 1, '', 9, 1, NULL, 13, 1, 4, 0, 0, NULL, NULL, 1, NULL, '1000', NULL, 0, NULL, NULL, NULL, NULL, NULL, NULL, NULL, NULL, NULL, 0, NULL, NULL, NULL, NULL, 181, NULL, NULL, 0, NULL, '1000', now(), '1000', now(), 0, 1, NULL, NULL, NULL, NULL, NULL, NULL, NULL, NULL, NULL, NULL, NULL, NULL);

--扣款配置 初始化数据
INSERT INTO deduct_item VALUES (1, '停车费', 1, 1, 0, 0, now(), '1910', now(), '5087'); 
INSERT INTO deduct_item VALUES (2, '住宿费（男）', 100, 1, 1, 0, now(), '1910', now(), 'w001');
INSERT INTO deduct_item VALUES (3, '住宿费（女）', 100, 1, 1, 0, now(), '1910', now(), 'w001');

--用户角色
INSERT INTO `user_role` VALUES ('1', 'admin1', '1', '0', null, now(), null, null, null);
INSERT INTO `user_role` VALUES ('2', 'admin2', '1', '0', null, now(), null, null, null);
INSERT INTO `user_role` VALUES ('3', 'admin3', '1', '0', null, now(), null, null, null);
INSERT INTO `user_role` VALUES ('4', 'admin4', '1', '0', null, now(), null, null, null);

--角色和菜单关联表
INSERT INTO `role_menu` VALUES ('3241', '1', '1', '1', '1', null, now(), '13079', null, null);
INSERT INTO `role_menu` VALUES ('3242', '1', '2', '1', '1', null, now(), '13079', null, null);
INSERT INTO `role_menu` VALUES ('3243', '1', '3', '1', '1', null, now(), '13079', null, null);
INSERT INTO `role_menu` VALUES ('3244', '1', '4', '1', '1', null, now(), '13079', null, null);
INSERT INTO `role_menu` VALUES ('3245', '1', '5', '1', '1', null, now(), '13079', null, null);
INSERT INTO `role_menu` VALUES ('3246', '1', '6', '1', '1', null, now(), '13079', null, null);
INSERT INTO `role_menu` VALUES ('3247', '1', '7', '1', '1', null, now(), '13079', null, null);
INSERT INTO `role_menu` VALUES ('3248', '1', '8', '1', '1', null, now(), '13079', null, null);
INSERT INTO `role_menu` VALUES ('3249', '1', '9', '1', '1', null, now(), '13079', null, null);
INSERT INTO `role_menu` VALUES ('3250', '1', '10', '1', '1', null, now(), '13079', null, null);
INSERT INTO `role_menu` VALUES ('3251', '1', '11', '1', '1', null, now(), '13079', null, null);
INSERT INTO `role_menu` VALUES ('3252', '1', '12', '1', '1', null, now(), '13079', null, null);
INSERT INTO `role_menu` VALUES ('3253', '1', '13', '1', '1', null, now(), '13079', null, null);
INSERT INTO `role_menu` VALUES ('3254', '1', '14', '1', '1', null, now(), '13079', null, null);
INSERT INTO `role_menu` VALUES ('3255', '1', '15', '1', '1', null, now(), '13079', null, null);
INSERT INTO `role_menu` VALUES ('3256', '1', '16', '1', '1', null, now(), '13079', null, null);
INSERT INTO `role_menu` VALUES ('3257', '1', '17', '1', '1', null, now(), '13079', null, null);
INSERT INTO `role_menu` VALUES ('3258', '1', '18', '1', '1', null, now(), '13079', null, null);
INSERT INTO `role_menu` VALUES ('3259', '1', '19', '1', '1', null, now(), '13079', null, null);
INSERT INTO `role_menu` VALUES ('3260', '1', '20', '1', '1', null, now(), '13079', null, null);
INSERT INTO `role_menu` VALUES ('3261', '1', '21', '1', '1', null, now(), '13079', null, null);
INSERT INTO `role_menu` VALUES ('3262', '1', '22', '1', '1', null, now(), '13079', null, null);
INSERT INTO `role_menu` VALUES ('3263', '1', '23', '1', '1', null, now(), '13079', null, null);
INSERT INTO `role_menu` VALUES ('3264', '1', '24', '1', '1', null, now(), '13079', null, null);
INSERT INTO `role_menu` VALUES ('3265', '1', '25', '1', '1', null, now(), '13079', null, null);
INSERT INTO `role_menu` VALUES ('3266', '1', '26', '1', '1', null, now(), '13079', null, null);
INSERT INTO `role_menu` VALUES ('3268', '1', '27', '1', '1', null, now(), '13079', null, null);
INSERT INTO `role_menu` VALUES ('3269', '1', '28', '1', '1', null, now(), '13079', null, null);
INSERT INTO `role_menu` VALUES ('3270', '1', '29', '1', '1', null, now(), '13079', null, null);
INSERT INTO `role_menu` VALUES ('3271', '1', '30', '1', '1', null, now(), '13079', null, null);
INSERT INTO `role_menu` VALUES ('3272', '1', '31', '1', '1', null, now(), '13079', null, null);
INSERT INTO `role_menu` VALUES ('3273', '1', '32', '1', '1', null, now(), '13079', null, null);
INSERT INTO `role_menu` VALUES ('3274', '1', '33', '1', '1', null, now(), '13079', null, null);
INSERT INTO `role_menu` VALUES ('3275', '1', '34', '1', '1', null, now(), '13079', null, null);
INSERT INTO `role_menu` VALUES ('3277', '1', '35', '1', '1', null, now(), '13079', null, null);
INSERT INTO `role_menu` VALUES ('3278', '1', '36', '1', '1', null, now(), '13079', null, null);
INSERT INTO `role_menu` VALUES ('3279', '1', '37', '1', '1', null, now(), '13079', null, null);
INSERT INTO `role_menu` VALUES ('3280', '1', '38', '1', '1', null, now(), '13079', null, null);
INSERT INTO `role_menu` VALUES ('3281', '1', '39', '1', '1', null, now(), '13079', null, null);
INSERT INTO `role_menu` VALUES ('3282', '1', '40', '1', '1', null, now(), '13079', null, null);
INSERT INTO `role_menu` VALUES ('3283', '1', '41', '1', '1', null, now(), '13079', null, null);
INSERT INTO `role_menu` VALUES ('3284', '1', '42', '1', '1', null, now(), '13079', null, null);
INSERT INTO `role_menu` VALUES ('3285', '1', '43', '1', '1', null, now(), '13079', null, null);
INSERT INTO `role_menu` VALUES ('3286', '1', '44', '1', '1', null, now(), '13079', null, null);
INSERT INTO `role_menu` VALUES ('3287', '1', '45', '1', '1', null, now(), '13079', null, null);
INSERT INTO `role_menu` VALUES ('3288', '1', '46', '1', '1', null, now(), '13079', null, null);
INSERT INTO `role_menu` VALUES ('3291', '1', '47', '1', '1', null, now(), '13079', null, null);
INSERT INTO `role_menu` VALUES ('3292', '1', '48', '1', '1', null, now(), '13079', null, null);
INSERT INTO `role_menu` VALUES ('3293', '1', '49', '1', '1', null, now(), '13079', null, null);
INSERT INTO `role_menu` VALUES ('3294', '1', '50', '1', '1', null, now(), '13079', null, null);
INSERT INTO `role_menu` VALUES ('3295', '1', '51', '1', '1', null, now(), '13079', null, null);
INSERT INTO `role_menu` VALUES ('3296', '1', '52', '1', '1', null, now(), '13079', null, null);
INSERT INTO `role_menu` VALUES ('3297', '1', '53', '1', '1', null, now(), '13079', null, null);
INSERT INTO `role_menu` VALUES ('3298', '1', '54', '1', '1', null, now(), '13079', null, null);
INSERT INTO `role_menu` VALUES ('3299', '1', '55', '1', '1', null, now(), '13079', null, null);
INSERT INTO `role_menu` VALUES ('3300', '1', '56', '1', '1', null, now(), '13079', null, null);
INSERT INTO `role_menu` VALUES ('3301', '1', '57', '1', '1', null, now(), '13079', null, null);
INSERT INTO `role_menu` VALUES ('3302', '1', '58', '1', '1', null, now(), '13079', null, null);
INSERT INTO `role_menu` VALUES ('3303', '1', '59', '1', '1', null, now(), '13079', null, null);
INSERT INTO `role_menu` VALUES ('3304', '1', '60', '1', '1', null, now(), '13079', null, null);
INSERT INTO `role_menu` VALUES ('3305', '1', '61', '1', '1', null, now(), '13079', null, null);
INSERT INTO `role_menu` VALUES ('3306', '1', '62', '1', '1', null, now(), '13079', null, null);

--角色
INSERT INTO `role` VALUES ('1', '总经理', '123', '', '1', '1', '1', '1', '1', '0', now(), '6002', null, '');

--菜单表
INSERT INTO `menu` VALUES ('1', '首页', '0', '1', null, null, null, null, '1', 'C', '1', '0', 'f-sy', 'icongongzuotai', null, '2021-02-25 23:20:18', null, '2021-03-17 14:57:51', null);
INSERT INTO `menu` VALUES ('2', '工作台', '1', '2', null, '/home', null, null, '1', 'C', '1', '0', 'gzt', '#', null, '2021-02-22 10:31:22', null, '2021-03-12 12:05:10', null);
INSERT INTO `menu` VALUES ('3', '组织管理', '0', '3', null, null, null, null, '1', 'C', '1', '0', 'f-zzgl', 'iconzuzhiguanli', null, '2021-02-22 10:33:00', null, '2021-03-17 14:58:19', null);
INSERT INTO `menu` VALUES ('4', '组织架构管理', '3', '4', null, '/organization', null, null, '1', 'C', '1', '0', 'zzjggl', '#', null, '2021-02-22 10:34:40', null, '2021-03-01 19:34:29', null);
INSERT INTO `menu` VALUES ('5', '功能属性管理', '3', '5', null, '/organizationDictionary', null, null, '1', 'C', '1', '0', 'gnsxgl', '#', null, '2021-02-22 10:34:51', null, '2021-03-01 19:34:40', null);
INSERT INTO `menu` VALUES ('6', '人事管理', '0', '6', null, null, null, null, '1', 'C', '1', '0', 'f-rsgl', 'iconrenshiguanli', null, '2021-02-22 10:37:13', null, '2021-03-17 14:58:30', null);
INSERT INTO `menu` VALUES ('7', '员工列表', '6', '7', null, '/employeeList', null, null, '1', 'C', '1', '0', 'yggl', '#', null, '2021-02-22 10:38:10', null, '2021-03-01 19:34:51', null);
INSERT INTO `menu` VALUES ('8', '人事审批', '6', '8', null, '/personnelApproval', null, null, '1', 'C', '1', '0', 'rssp', '#', null, '2021-02-22 10:38:32', null, '2021-03-01 19:35:09', null);
INSERT INTO `menu` VALUES ('9', '待招任务', '6', '9', null, '/taskstobeRecruited', null, null, '1', 'C', '1', '0', 'zdrw', '#', null, '2021-02-22 10:40:07', null, '2021-03-01 19:35:19', null);
INSERT INTO `menu` VALUES ('10', '面试管理', '6', '10', null, '/interviewManagement', null, null, '1', 'C', '1', '0', 'msgl', '#', null, '2021-02-22 10:40:17', null, '2021-03-01 19:35:25', null);
INSERT INTO `menu` VALUES ('11', '培训管理', '6', '11', null, '/trainingManagement', null, null, '1', 'C', '1', '0', 'pxgl', '#', null, '2021-02-22 10:42:24', null, '2021-03-01 19:35:33', null);
INSERT INTO `menu` VALUES ('12', '招聘渠道', '6', '12', null, '/recruitmentChannels', null, null, '1', 'C', '1', '0', 'zpqd', '#', null, '2021-02-22 10:42:35', null, '2021-03-01 19:35:44', null);
INSERT INTO `menu` VALUES ('13', '奖惩管理', '6', '13', null, '/rewardsPunishments', null, null, '1', 'C', '1', '0', 'jcgl', '#', null, '2021-02-22 10:42:54', null, '2021-03-01 19:35:55', null);
INSERT INTO `menu` VALUES ('14', '员工调整记录', '6', '14', null, '/staffAdjustment', null, null, '1', 'C', '1', '0', 'ygtzjl', '#', null, '2021-02-22 10:43:03', null, '2021-03-01 19:36:04', null);
INSERT INTO `menu` VALUES ('15', '转介绍提成设置', '6', '15', null, '/introduceCommission', null, null, '1', 'C', '1', '0', 'zjstcsz', '#', null, '2021-02-22 10:43:18', null, '2021-03-01 19:36:19', null);
INSERT INTO `menu` VALUES ('16', '审批流程配置', '6', '16', null, '/approvalProcess', null, null, '1', 'C', '1', '0', 'splcpz', '#', null, '2021-02-22 10:43:45', null, '2021-03-01 19:36:30', null);
INSERT INTO `menu` VALUES ('17', '一线管理', '0', '17', null, null, null, null, '1', 'C', '1', '0', 'f-yxgl', 'iconyixianguanli', null, '2021-02-22 10:48:31', null, '2021-03-17 14:58:40', null);
INSERT INTO `menu` VALUES ('18', '绩效系数配置', '17', '18', null, '/performanceCoefficient', null, null, '1', 'C', '1', '0', 'jxxspz', '#', null, '2021-02-22 10:49:02', null, '2021-03-01 19:36:52', null);
INSERT INTO `menu` VALUES ('19', '配置绩效查看', '17', '19', null, '/allocationPerformance', null, null, '1', 'C', '1', '0', 'pzjxck', '#', null, '2021-02-22 10:49:12', null, '2021-03-01 19:37:04', null);
INSERT INTO `menu` VALUES ('20', '查看排班表', '17', '20', null, '/viewSchedule', null, null, '1', 'C', '1', '0', 'ckpbb', '#', null, '2021-02-22 10:49:20', null, '2021-03-01 19:37:27', null);
INSERT INTO `menu` VALUES ('21', '查看考勤表', '17', '21', null, '/frontLineManagementCheckAttendance', null, null, '1', 'C', '1', '0', 'ckkqb1', '#', null, '2021-02-22 10:49:30', null, '2021-03-19 15:42:16', null);
INSERT INTO `menu` VALUES ('22', '抢休规则配置', '17', '22', null, '/repairRules', null, null, '1', 'C', '1', '0', 'qxgzpz', '#', null, '2021-02-22 10:49:39', null, '2021-03-01 19:37:42', null);
INSERT INTO `menu` VALUES ('23', '岗位级别条件', '17', '23', null, '/jobLevelRequirements', null, null, '1', 'C', '1', '0', 'gwjbtj', '#', null, '2021-02-22 10:49:56', null, '2021-03-01 19:37:53', null);
INSERT INTO `menu` VALUES ('24', '提成考核', '17', '24', null, '/commissionAssessment', null, null, '1', 'C', '1', '0', 'tckh', '#', null, '2021-02-22 10:50:06', null, '2021-03-01 19:38:01', null);
INSERT INTO `menu` VALUES ('25', '薪酬核算规则', '17', '25', null, '/frontLineSalaryAccounting', null, null, '1', 'C', '1', '0', 'xchsgz1', '#', null, '2021-02-22 10:50:15', null, '2021-03-17 21:52:33', null);
INSERT INTO `menu` VALUES ('26', '工资发放列表（人资）', '17', '26', null, '/frontLinePayrollListHR', null, null, '1', 'C', '1', '0', 'gzfflb1', '#', null, '2021-02-22 10:50:25', null, '2021-03-17 21:52:48', null);
INSERT INTO `menu` VALUES ('27', '职能管理', '0', '27', null, null, null, null, '1', 'C', '1', '0', 'f-zngl', 'iconzhinengguanli', null, '2021-02-22 10:55:04', null, '2021-03-17 14:58:55', null);
INSERT INTO `menu` VALUES ('28', '配置绩效审批', '27', '28', null, '/performanceAuditing', null, null, '1', 'C', '1', '0', 'pzjxsp', '#', null, '2021-02-22 10:56:08', null, '2021-03-01 19:39:17', null);
INSERT INTO `menu` VALUES ('29', '查看考勤表', '27', '29', null, '/functionalManagementcheckAttendance', null, null, '1', 'C', '1', '0', 'ckkqb2', '#', null, '2021-02-22 10:56:18', null, '2021-03-19 15:42:10', null);
INSERT INTO `menu` VALUES ('30', '绩效填报', '27', '30', null, '/performanceReport', null, null, '1', 'C', '1', '0', 'jxtb', '#', null, '2021-02-22 10:56:27', null, '2021-03-01 19:39:56', null);
INSERT INTO `menu` VALUES ('31', '绩效考核', '27', '31', null, '/performanceAppraisal', null, null, '1', 'C', '1', '0', 'jxkh', '#', null, '2021-02-22 10:56:37', null, '2021-03-01 19:40:00', null);
INSERT INTO `menu` VALUES ('32', '薪酬核算规则', '27', '32', null, '/functionalSalaryAccounting', null, null, '1', 'C', '1', '0', 'xchsgz2', '#', null, '2021-02-22 10:56:45', null, '2021-03-17 13:28:42', null);
INSERT INTO `menu` VALUES ('33', '工资发放列表（人资）', '27', '33', null, '/functionalPayrollListHR', null, null, '1', 'C', '1', '0', 'gzfflb2', '#', null, '2021-02-22 10:56:56', null, '2021-03-17 21:53:57', null);
INSERT INTO `menu` VALUES ('34', ' 工资发放列表（财务）', '27', '34', null, '/functionalPayrollListFinance', null, null, '1', 'C', '1', '0', 'gzfflb2', '#', null, '2021-03-01 17:39:04', null, '2021-03-20 16:35:25', null);
INSERT INTO `menu` VALUES ('35', '公共资源管理', '0', '35', null, null, null, null, '1', 'C', '1', '0', 'f-ggzygl', 'icongonggongziyuan', null, '2021-02-22 11:00:54', null, '2021-03-17 14:59:11', null);
INSERT INTO `menu` VALUES ('36', '培训课件管理', '35', '36', null, '/trainingCourseware', null, null, '1', 'C', '1', '0', 'pxkjgl', '#', null, '2021-02-22 11:01:38', null, '2021-03-01 19:41:27', null);
INSERT INTO `menu` VALUES ('37', '入司车辆管理', '35', '37', null, '/incomingVehicleAdministration', null, null, '1', 'C', '1', '0', 'rsclgl', '#', null, '2021-02-22 11:01:44', null, '2021-03-15 21:01:30', null);
INSERT INTO `menu` VALUES ('38', '办公用品管理', '35', '38', null, '/officeSupplies', null, null, '1', 'C', '1', '0', 'bgypgl', '#', null, '2021-02-22 11:02:06', null, '2021-03-01 19:41:40', null);
INSERT INTO `menu` VALUES ('39', '消息管理', '0', '39', null, null, null, null, '1', 'C', '1', '0', 'f-xxgl', 'iconxiaoxiguanli', null, '2021-02-22 11:03:56', null, '2021-03-17 14:59:22', null);
INSERT INTO `menu` VALUES ('40', '消息列表', '39', '40', null, '/messageManagementMessageList', null, null, '1', 'C', '1', '0', 'xxlb1', '#', null, '2021-02-22 11:04:15', null, '2021-03-16 10:33:01', null);
INSERT INTO `menu` VALUES ('41', '消息发布', '39', '41', null, '/newsRelease', null, null, '1', 'C', '1', '0', 'xxfb', '#', null, '2021-02-22 11:04:28', null, '2021-03-01 19:41:59', null);
INSERT INTO `menu` VALUES ('42', '系统管理', '0', '42', null, null, null, null, '1', 'C', '1', '0', 'f-xtgl', 'iconxitongguanli', null, '2021-02-22 11:06:01', null, '2021-03-17 14:59:33', null);
INSERT INTO `menu` VALUES ('43', '角色管理', '42', '43', null, '/roleManagement', null, null, '1', 'C', '1', '0', 'jsgl', '#', null, '2021-02-22 11:06:16', null, '2021-03-01 19:42:19', null);
INSERT INTO `menu` VALUES ('44', '员工权限配置', '42', '44', null, '/employeePermissions', null, null, '1', 'C', '1', '0', 'ygqxpz', '#', null, '2021-02-22 11:06:32', null, '2021-03-01 19:42:30', null);
INSERT INTO `menu` VALUES ('45', '流程管理', '42', '45', null, '/processManagement', null, null, '1', 'C', '1', '0', 'lcgl', '#', null, '2021-02-22 11:06:36', null, '2021-03-01 19:42:34', null);
INSERT INTO `menu` VALUES ('46', '操作日志', '42', '46', null, '/operationLog', null, null, '1', 'C', '1', '0', 'czrz', '#', null, '2021-02-22 11:07:00', null, '2021-03-01 19:42:44', null);
INSERT INTO `menu` VALUES ('47', '个人中心', '0', '47', null, null, null, null, '1', 'C', '1', '0', 'f-grzx', 'icongerenzhongxin', null, '2021-02-22 11:08:34', null, '2021-03-17 14:59:41', null);
INSERT INTO `menu` VALUES ('48', '我的排班', '47', '48', null, '/mySchedule', null, null, '1', 'C', '1', '0', 'wdpb', '#', null, '2021-02-22 11:08:48', null, '2021-03-01 19:42:55', null);
INSERT INTO `menu` VALUES ('49', '我的考勤', '47', '49', null, '/myAttendance', null, null, '1', 'C', '1', '0', 'wdkp', '#', null, '2021-02-22 11:09:03', null, '2021-03-01 19:42:59', null);
INSERT INTO `menu` VALUES ('50', '我的绩效', '47', '50', null, '/myPerformance', null, null, '1', 'C', '1', '0', 'wdjx', '#', null, '2021-02-22 11:09:14', null, '2021-03-01 19:43:05', null);
INSERT INTO `menu` VALUES ('51', '我的工资', '47', '51', null, '/mySalary', null, null, '1', 'C', '1', '0', 'wdgz', '#', null, '2021-02-22 11:09:25', null, '2021-03-01 19:43:09', null);
INSERT INTO `menu` VALUES ('52', '发起流程', '47', '52', null, '/initiationProcess', null, null, '1', 'C', '1', '0', 'fqlc', '#', null, '2021-02-22 11:09:38', null, '2021-03-01 19:43:40', null);
INSERT INTO `menu` VALUES ('53', '我的流程', '47', '53', null, '/myProcess', null, null, '1', 'C', '1', '0', 'wdlc', '#', null, '2021-02-22 11:09:49', null, '2021-03-01 19:43:43', null);
INSERT INTO `menu` VALUES ('54', '员工旅程', '47', '54', null, '/employeeJourney', null, null, '1', 'C', '1', '0', 'yglc', '#', null, '2021-02-22 11:10:01', null, '2021-03-01 19:43:48', null);
INSERT INTO `menu` VALUES ('55', '消息列表', '47', '55', null, '/messageList', null, null, '1', 'C', '1', '0', 'xxlb2', '#', null, '2021-02-22 11:10:14', null, '2021-03-17 16:19:00', null);
INSERT INTO `menu` VALUES ('56', '待选简历', '47', '56', null, '/resumeSelected', null, null, '1', 'C', '1', '0', 'dxjl', '#', null, '2021-02-22 11:10:25', null, '2021-03-01 19:44:08', null);
INSERT INTO `menu` VALUES ('57', '我的面试', '47', '57', null, '/myInterview', null, null, '1', 'C', '1', '0', 'wdms', '#', null, '2021-02-22 11:10:33', null, '2021-03-01 19:44:12', null);
INSERT INTO `menu` VALUES ('58', 'ASR配置管理', '42', '58', null, '/asrConfigManagement', null, null, '1', 'C', '1', '0', 'asrpzgl', '#', null, '2021-02-23 16:30:31', null, '2021-03-01 19:44:22', null);
INSERT INTO `menu` VALUES ('59', 'CTI配置管理', '42', '59', null, '/ctiConfigManagement', null, null, '1', 'C', '1', '0', 'ctipzgl', '#', null, '2021-02-23 16:31:06', null, '2021-03-01 19:44:28', null);
INSERT INTO `menu` VALUES ('60', ' 工资发放列表（财务）', '17', '60', null, '/frontLinePayrollListFinance', null, null, '1', 'C', '1', '0', 'gzfflb1', '#', null, '2021-03-01 17:37:22', null, '2021-03-17 19:14:48', null);
INSERT INTO `menu` VALUES ('61', '考评填报提醒', '27', '61', null, '/evaluationReport', null, null, '1', 'C', '1', '0', 'kptbtx', '#', null, '2021-02-22 10:57:07', null, '2021-03-20 16:35:21', null);
INSERT INTO `menu` VALUES ('62', '密码规则', '42', '62', null, '/systemManagement/passwordRules', null, '', '1', 'C', '1', '0', 'mmgz', '#', '', '2021-03-17 19:48:01', '', '2021-03-17 19:48:27', '');
UPDATE `menu` set create_time = now(),update_time = now();
